source,target,realValue,layerID,layerColor,layerUnit
Imp. Ammonia RE,Ammonia,7.82,Ammonia,#000ECD,TWh
Ammonia,Non-energy demand,10.20,Ammonia,#000ECD,TWh
H2,Haber-Bosch,2.68,H2,#FF00FF,TWh
Elec,Haber-Bosch,0.29,Electricity,#00BFFF,TWh
Haber-Bosch,DHN,0.32,DHN,#FA8072,TWh
Haber-Bosch,Ammonia,2.38,Ammonia,#000ECD,TWh
Imp. Methanol,Methanol,1.27,Methanol,#CC0066,TWh
Gas,Methane-to-Methanol,69.28,Gas,#FFD700,TWh
Methane-to-Methanol,Methanol,45.31,Methanol,#CC0066,TWh
Methanol,Non-energy demand,1.54,Methanol,#CC0066,TWh
Oil,NSC,9.86,Naphtha,#8B008B,TWh
Elec,NSC,0.11,Electricity,#00BFFF,TWh
Heat HT,NSC,0.09,Heat HT,#DC143C,TWh
NSC,HVC,5.42,HVC,#00FFFF,TWh
Methanol,MTO,44.63,Methanol,#CC0066,TWh
Heat HT,MTO,11.87,Heat HT,#DC143C,TWh
MTO,HVC,35.96,HVC,#00FFFF,TWh
HVC,Non-energy demand,41.38,HVC,#00FFFF,TWh
Imp. Gas,Gas,230.67,Gas,#FFD700,TWh
Gas Prod,Gas sto.,0.00,GAS,#FFD700,TWh
Gas sto.,Gas,0.00,GAS,#FFD700,TWh
Gas Prod,Gas,11.62,GAS,#FFD700,TWh
Gas,Mob public,14.17,GAS,#FFD700,TWh
Gas,Freight,3.13,GAS,#FFD700,TWh
Gas,CHP,129.71,GAS,#FFD700,TWh
Gas,HPs,13.76,GAS,#FFD700,TWh
Gas,Boilers,12.25,GAS,#FFD700,TWh
Electricity,Elec,27.57,Electricity,#00BFFF,TWh
Wind,Elec,39.48,Wind,#27AE34,TWh
Hydro River,Elec,0.47,Hydro River,#0000FF,TWh
Solar,Elec,35.30,Solar,#FFFF00,TWh
Waste,Boilers,3.70,Waste,#808000,TWh
Imp. Oil,Oil,7.75,Oil,#8B008B,TWh
Wood,H2 prod,14.98,Wood,#CD853F,TWh
Wet biomass,Biomethanation,38.90,Wood,#CD853F,TWh
Biomethanation,Gas Prod,11.63,GAS,#FFD700,TWh
Elec,Mob priv,10.00,Electricity,#00BFFF,TWh
Elec,Mob public,1.42,Electricity,#00BFFF,TWh
Elec,Freight,10.94,Electricity,#00BFFF,TWh
Elec,Exp & Loss,7.50,Electricity,#00BFFF,TWh
Elec,Curt.,0.18,Electricity,#00BFFF,TWh
Elec,Elec demand,96.91,Electricity,#00BFFF,TWh
Solar,Curt.,0.24,Solar,#FFFF00,TWh
Wind,Curt.,3.48,Wind,#27AE34,TWh
Elec,Storage,0.49,Electricity,#00BFFF,TWh
Storage,Elec demand,0.37,Electricity,#00BFFF,TWh
Elec,HPs,30.27,Electricity,#00BFFF,TWh
H2 prod,H2 sto.,0.00,H2,#FF00FF,TWh
H2 sto.,H2,0.00,H2,#FF00FF,TWh
H2 prod,H2,6.48,H2,#FF00FF,TWh
CHP,Elec,57.07,Electricity,#00BFFF,TWh
CHP,Heat HT,59.66,Heat HT,#DC143C,TWh
HPs,Dec. sto,14.21,Heat LT,#FA8072,TWh
HPs,Heat LT Dec,62.29,Heat LT,#FA8072,TWh
HPs,DHN,46.61,Heat LT,#FA8072,TWh
Dec. sto,Heat LT Dec,13.16,Heat LT,#FA8072,TWh
Boilers,Heat HT,14.39,Heat HT,#DC143C,TWh
DHN,Heat LT DHN,31.04,Heat LT,#FA8072,TWh
DHN,Loss DHN,2.35,Heat LT,#FA8072,TWh
DHN,DHN Sto,13.53,Heat LT,#FA8072,TWh
DHN Sto,Heat LT DHN,13.27,Heat LT,#FA8072,TWh
Heat HT,Ind Heat Demand,61.93,Heat HT,#DC143C,TWh
