Category;Subcategory;Technologies name;Technologies param;c_inv;c_maint;gwp_constr;lifetime;c_p;fmin_perc;fmax_perc;f_min;f_max;crit_1_constr;crit_2_constr;crit_3_constr;lca_tech;lca_op;Comment
;;Name (simplified);Name (in model and documents);"[Meuro/GW]
[Meuro/GWh] 
[Meuro/(Mkmpass/h)] 
[Meuro/(Mtonkm/h)]";"[Meuro/GW/y]
[Meuro/GWh/y] 
[Meuro/(Mkmpass/h)/y] 
[Meuro/(Mtonkm/h)/y]";"[ktonCO2_eq/GW]
[ktonCO2_eq/GWh]
[ktonCO2_eq/(Mkmpass/h)]
[ktonCO2_eq/(Mtonkm/h)]";[years];[];[];[];[GW];[GW];[CC_ANNE];[CC_REF];[landuse];[CC_ANNE];[CC_ANNE];
Storage;Other storage;Ammonia storage;AMMONIA_STORAGE;0.01;0.000397;0;20;1;0;1;0;1.00E+15;70.66663978;0;237.7406209;70.66663978;0;
Synthetic fuels;Synthetic fuels;Amonia to H2;AMMONIA_TO_H2;681.24;62.8658412;0;25;0.86;0;1;0;1.00E+15;452.6391769;0;14495.65034;452.6391769;0;
Synthetic fuels;Synthetic fuels;Carbon capture atmospheric;ATM_CCS;5160;128.088;0;40;1;0;1;0;1.00E+15;122.6874401;0;1183.657064;1074.742004;0;
Storage;Electricity storage;Batteries;BATT_LI;302;0.466898841;61.3;15;1;0;1;0;1.00E+15;80.92360851;61.3;840.5629833;80.92360851;0;
Storage;Electricity storage;Batteries of electric cars;BEV_BATT;0;0;0;1;1;0;1;0;1.00E+15;80.92360851;0;840.5629833;80.92360851;0;
Synthetic fuels;Synthetic fuels;Biomass hydrolysis;BIO_HYDROLYSIS;1591.91;108.53745;0;15;0.85;0;1;0;1.00E+15;90.51398932;0;10366.14668;90.51398932;0.615299263;
Synthetic fuels;Synthetic fuels;Biomass methanolation;BIOMASS_TO_METHANOL;2520;38.5;0;20;1;0;1;0;1.00E+15;2167.028208;0;83773.60469;2167.028208;0.616348288;
Synthetic fuels;Synthetic fuels;Biomass methanation;BIOMETHANATION;986.05;13.65909091;0;20;0.85;0;1;0;1.00E+15;1863.858398;0;54349.85064;1863.858398;0.842709233;
Mobility;Freight;Boat diesel;BOAT_FREIGHT_DIESEL;76.39;3.819444444;0;40;0.11416;0;1;0;1.00E+15;0.000778638;0;0.007290432;31.14597577;0.029364571;
Mobility;Freight;Boat methanol;BOAT_FREIGHT_METHANOL;76.39;3.819444444;0;40;0.11416;0;1;0;1.00E+15;0.000778638;0;0.007290432;31.14597577;0.033241763;
Mobility;Freight;Boat gas;BOAT_FREIGHT_NG;76.39;3.819444444;0;40;0.11416;0;1;0;1.00E+15;0.000778638;0;0.007290432;31.14597577;0.033740681;
Mobility;Passenger public;Bus gas;BUS_COACH_CNG_STOICH;611.11;30.55555556;0;15;0.2968;0;1;0;1.00E+15;0.004407845;0;0.09757072;612.501934;0.073667364;
Mobility;Passenger public;Bus diesel;BUS_COACH_DIESEL;611.11;30.55555556;0;15;0.2968;0;1;0;1.00E+15;0.004301584;0;0.096125841;602.7406768;0.074050669;
Mobility;Passenger public;Bus fuel cell (H2);BUS_COACH_FC_HYBRIDH2;1041.67;31.25;0;15;0.2968;0;1;0;1.00E+15;0.006483817;0;0.120338602;875.9883578;0.003015796;
Mobility;Passenger public;Bus electric;BUS_COACH_ELECTRIC;1041.67;31.25;0;15;0.2968;0;1;0;1.00E+15;0;0;0;260.183434;0.074050669;
Mobility;Passenger public;Bus diesel hybrid;BUS_COACH_HYDIESEL;833.33;33.33333333;0;15;0.2968;0;1;0;1.00E+15;0.004293835;0;0.096906655;611.3119477;0.05591069;
Mobility;Passenger private;Car electric;CAR_BEV;433.83;10;0;10;0.05137;0;1;0;1.00E+15;0.054390777;0;0.498740322;4763.858336;0.008574255;
Mobility;Passenger private;Car diesel;CAR_DIESEL;434.45;24;0;10;0.05137;0;1;0;1.00E+15;0.035544548;0;0.246547747;3217.575257;0.125683947;
Mobility;Passenger private;Car fuel cell (H2);CAR_FUEL_CELL;672.41;10;0;10;0.05137;0;1;0;1.00E+15;0.107157716;0;0.947929851;8516.729461;0.008171451;
Mobility;Passenger private;Car gasoline;CAR_GASOLINE;420.29;24;0;10;0.05137;0;1;0;1.00E+15;0.034913317;0;0.243155407;3165.507825;0.141528934;
Mobility;Passenger private;Car hybrid (gasoline);CAR_HEV;429.41;34;0;10;0.05137;0;1;0;1.00E+15;0.038871943;0;0.269939013;3344.633677;0.099117292;
Mobility;Passenger private;Car methanol;CAR_METHANOL;420.29;24;0;10;0.05137;0;1;0;1.00E+15;0.034913317;0;0.243155407;3165.507825;0.131506423;
Mobility;Passenger private;Car gas;CAR_NG;429.38;24;0;10;0.05137;0;1;0;1.00E+15;0.036173306;0;0.253387908;3251.899908;0.09773069;
Mobility;Passenger private;Car plug-in hybrid;CAR_PHEV;456.37;34;0;10;0.05137;0;1;0;1.00E+15;0.045272527;0;0.345882496;3838.236739;0.038558588;
Electricity;Electricity;Combined cycle gas turbine;CCGT;771.99;19.55202588;183.79;25;0.96154;0;1;0;1.00E+15;127.5539789;183.79;1603.581322;127.5539789;0.36448858;
Electricity;Electricity;Amonia combined cycle gas turbine;CCGT_AMMONIA;771.99;19.55202588;183.79;25;0.63;0;1;0;1.00E+15;160.7180182;183.79;2020.512527;160.7180182;0.003282859;
Storage;Other storage;CO2 storage;CO2_STORAGE;49.5;0.495;0;30;1;0;1;0;1.00E+15;3415.554271;0;11490.79673;3415.554271;0;
Electricity;Electricity;Intagrated gasification combined cycle with coal;COAL_IGCC;3245.81;48.42022379;331.6;35;0.856;0;1;0;0;281.4976675;331.6;4631.257906;281.4976675;0.591721808;
Electricity;Electricity;Ultra-supercritical coal power plant;COAL_US;2516.71;29.38376695;331.6;35;0.868;0;1;0;0;172.0941501;331.6;2645.224608;172.0941501;0.652153373;
Heat;Heat low temperature decentralised;Advanced cogeneration (Fuel cell) gas (decentralised);DEC_ADVCOGEN_GAS;7242.28;134.9692259;2193.45;20;1;0;1;0;1.00E+15;609.1482379;2193.45;10196.32126;1127.601756;0.931094013;
Heat;Heat low temperature decentralised;Advanced cogeneration (Fuel cell) gas (decentralised);DEC_ADVCOGEN_H2;7242.28;134.9692259;2193.45;20;1;0;1;0;1.00E+15;609.1482379;2193.45;10196.32126;1127.601756;0.005493836;
Heat;Heat low temperature decentralised;Bioler gas (decentralised);DEC_BOILER_GAS;158.54;4.756999719;21.09;17;1;0;1;0;1.00E+15;8.835203624;21.09;46.01575683;29.68932372;0.207852956;
Heat;Heat low temperature decentralised;Boiler oil (decentralised);DEC_BOILER_OIL;142.38;8.54012548;21.09;17;1;0;1;0;1.00E+15;8.835203624;21.09;46.01575683;29.68932372;0.287243009;
Heat;Heat low temperature decentralised;Boiler wood (decentralised);DEC_BOILER_WOOD;462.44;16.18129038;21.09;17;1;0;1;0;1.00E+15;58.08275594;21.09;1152.965747;232.1246112;0.441914625;
Heat;Heat low temperature decentralised;Cogeneration gas (decentralised);DEC_COGEN_GAS;1408.03;90.50685713;1024.32;20;1;0;1;0;1.00E+15;531.2169069;1024.32;3025.876249;531.2169069;0.396867933;
Heat;Heat low temperature decentralised;Cogeneration oil (decentralised);DEC_COGEN_OIL;1305.56;80.10177153;1024.32;20;1;0;1;0;1.00E+15;531.2169069;1024.32;3025.876249;531.2169069;0.600083757;
Heat;Heat low temperature decentralised;Direct electrical heaters (decentralised);DEC_DIRECT_ELEC;39.98;0.174742151;1.47;15;1;0;1;0;1.00E+15;1.015143443;1.47;10.07178477;1.015143443;0;
Heat;Heat low temperature decentralised;Electrical heat pump (decentralised);DEC_HP_ELEC;492.04;20.5154739;164.89;18;1;0;1;0;1.00E+15;122.9901857;164.89;547.2524552;122.9901857;0.017639307;
Heat;Heat low temperature decentralised;Solar thermal (decentralised);DEC_SOLAR;719.07;7.978275119;221.22;20;1;0;1;0;1.00E+15;1786.803824;221.22;21956.02495;458.1548267;0;
Heat;Heat low temperature decentralised;Thermal heat pump gas (decentralised);DEC_THHP_GAS;315.68;9.226487594;381.93;20;1;0;1;0;1.00E+15;234.5096515;381.93;1872.938904;297.1237191;0.12558201;
Infrastructure;Infrastructure;Distric heating network;DHN;825.88;0;0;60;1;0;1;0;1.00E+15;0;0;0;0;0;
Heat;Heat low temperature centralised;Boiler gas (DHN);DHN_BOILER_GAS;58.89;1.179885757;12.32;17;0.95;0;1;0;1.00E+15;8.835203624;12.32;46.01575683;8.835203624;0.203012203;
Heat;Heat low temperature centralised;Boiler oil (DHN);DHN_BOILER_OIL;54.86;1.179885757;12.32;17;0.95;0;1;0;1.00E+15;8.835203624;12.32;46.01575683;8.835203624;0.281197252;
Heat;Heat low temperature centralised;Boiler wood (DHN);DHN_BOILER_WOOD;115.18;2.303586478;28.87;17;0.9;0;1;0;1.00E+15;58.08275594;28.87;1152.965747;58.08275594;0.434760501;
Heat;Heat low temperature centralised;Cogeneration hydrolysis (DHN);DHN_COGEN_BIO_HYDROLYSIS;4536.9;221.6894187;647.8;15;0.85;0;1;0;1.00E+15;2645.827694;647.8;69159.99547;281.7967681;2.858064985;
Heat;Heat low temperature centralised;Cogeneration gas (DHN);DHN_COGEN_GAS;1254.49;36.67861308;490.88;25;0.85;0;1;0;1.00E+15;159.4424736;490.88;2004.476653;159.4424736;0.396867933;
Heat;Heat low temperature centralised;Cogeneration waste (DHN);DHN_COGEN_WASTE;2927.87;107.936516;647.82;25;0.85;0;1;0;1.00E+15;384.6544066;647.82;3285.68924;854.9597167;1.377513734;
Heat;Heat low temperature centralised;Cogeneration wet biomass (DHN);DHN_COGEN_WET_BIOMASS;1374.44;111.8582437;1024;25;0.75;0;1;0;1.00E+15;3827.189503;1024;103608.3409;3997.939509;2.228582162;
Heat;Heat low temperature centralised;Cogeneration wood (DHN);DHN_COGEN_WOOD;1080.79;39.57043986;165.33;25;0.85;0;1;0;1.00E+15;173.2478725;165.33;2418.016963;89.55336879;0.650702609;
Heat;Heat low temperature centralised;Geothermal (DHN);DHN_DEEP_GEO;1500;56.20117647;808.76;30;0.85;0;1;0;0;614.4469758;808.76;6974.005202;614.4469758;2.10E-05;
Heat;Heat low temperature centralised;Heat pump (DHN);DHN_HP_ELEC;344.76;11.69053473;174.79;25;0.95;0;1;0;1.00E+15;122.9901857;174.79;547.2524552;122.9901857;0.013504251;
Heat;Heat low temperature centralised;Solar thermal (DHN);DHN_SOLAR;362;0.426986111;221.22;30;1;0;1;0;1.00E+15;1786.803824;221.22;21956.02495;1786.803824;0;
Storage;Other storage;Diesel storage;DIESEL_STORAGE;0.01;0.000397;0;20;1;0;1;0;1.00E+15;0.024105835;0;0.292940429;0.024105835;0;
Infrastructure;Infrastructure;Efficiency mesures in energy system;EFFICIENCY;5600;0;0;1;1;0;1;0;1.00E+15;0;0;0;0;0;
Storage;Other storage;Gas storage;GAS_STORAGE;0.05;0.001309164;0;50;1;0;1;0;1.00E+15;28.15876777;0;94.73328509;28.15876777;0;
Synthetic fuels;Synthetic fuels;Gas to HVC;GAS_TO_HVC;797.6;19.93997837;0;25;1;0;1;0;1.00E+15;844.5313145;0;27045.89276;844.5313145;0.298730165;
Synthetic fuels;Synthetic fuels;Wood gasification;GASIFICATION_SNG;2525;178;0;25;0.85;0;1;0;1.00E+15;90.51398932;0;10366.14668;90.51398932;0.400427839;
Storage;Other storage;Gasoline storage;GASOLINE_STORAGE;0.01;0.000397;0;20;1;0;1;0;1.00E+15;0.026768794;0;0.325301407;0.026768794;0;
Electricity;Electricity;Geothermal power plant;GEOTHERMAL;7488;139.1104;24929.09;30;0.95;0;1;0;0;6692.00276;24929.09;109950.1099;6692.00276;5.84E-06;
Infrastructure;Infrastructure;Electrical grid cost;GRID;74919.06;0;0;80;1;0;1;0;1.00E+15;1397.667558;0;50443.92919;1397.667558;0;
Synthetic fuels;Synthetic fuels;Biomass to hydrogen;H2_BIOMASS;2525.39;177.9107679;0;25;0.86;0;1;0;1.00E+15;90.51398932;0;10366.14668;90.51398932;0.000316582;
Synthetic fuels;Synthetic fuels;Electrolysers;H2_ELECTROLYSIS;696.2;19.14556962;0;15;0.9;0;1;0;1.00E+15;85.79567187;0;5299.47218;153.0000254;0.000105859;
Storage;Other storage;Hydrogen storage;H2_STORAGE;6.19;0.39;0;20;1;0;1;0;1.00E+15;11.06750279;0;37.23390546;11.06750279;0;
Synthetic fuels;Synthetic fuels;Haber bosch (H2 to amonia);HABER_BOSCH;847;16.56;0;20;1;0;1;0;1.00E+15;2112.810025;0;67662.18418;2112.810025;0.001162741;
Electricity;Electricity;Hydro river;HYDRO_RIVER;5044.92;50.4447982;1262.82;40;1;0;1;0;0.115;1061.313673;1262.82;9588.508285;1061.313673;2.07E-05;
Heat;Heat high temperature;Boiler coal (industry);IND_BOILER_COAL;115.18;2.303586478;48.18;17;0.9;0;1;0;1.00E+15;85.48176945;48.18;2806.36253;85.48176945;0.406117798;
Heat;Heat high temperature;Boiler gas (industry);IND_BOILER_GAS;58.89;1.179885757;12.32;17;0.95;0;1;0;1.00E+15;8.835203624;12.32;46.01575683;8.835203624;0.203012203;
Heat;Heat high temperature;Boiler oil (industry);IND_BOILER_OIL;54.86;1.179885757;12.32;17;0.95;0;1;0;1.00E+15;8.835203624;12.32;46.01575683;8.835203624;0.281197252;
Heat;Heat high temperature;Boiler waste (industry);IND_BOILER_WASTE;115.18;2.303586478;28.87;17;0.9;0;1;0;1.00E+15;61.21922476;28.87;1215.225898;65.60022892;0.336013458;
Heat;Heat high temperature;Boiler wood (industry);IND_BOILER_WOOD;115.18;2.303586478;28.87;17;0.9;0;1;0;1.00E+15;58.08275594;28.87;1152.965747;62.23930637;0.434760501;
Heat;Heat high temperature;Cogeneration gas (industry);IND_COGEN_GAS;1408.03;90.50685713;1024.32;25;0.85;0;1;0;1.00E+15;343.2943583;1024.32;2018.444894;343.2943583;0.396867933;
Heat;Heat high temperature;Cogeneration waste (industry);IND_COGEN_WASTE;2927.87;107.936516;647.82;25;0.85;0;1;0;1.00E+15;384.6544066;647.82;3285.68924;295.8880164;1.377513734;
Heat;Heat high temperature;Cogeneration wood (industry);IND_COGEN_WOOD;1080.79;39.57043986;165.33;25;0.85;0;1;0;1.00E+15;173.2478725;165.33;2418.016963;166.0263535;0.591807093;
Heat;Heat high temperature;Electrical resistors (industry);IND_DIRECT_ELEC;332.34;1.507631801;1.47;15;0.95;0;1;0;1.00E+15;1.015143443;1.47;10.07178477;1.015143443;0;
Synthetic fuels;Synthetic fuels;Carbon capture from industry;INDUSTRY_CCS;2580;64.044;0;40;1;0;1;0;1.00E+15;0;0;0;0;-0.422162594;
Storage;Other storage;LFO storage;LFO_STORAGE;0.01;0.000397;0;20;1;0;1;0;1.00E+15;0.021571983;0;0.262148395;0.021571983;0;
Synthetic fuels;Synthetic fuels;Methane to methanol;METHANE_TO_METHANOL;958.58;41.91520353;0;25;0.85;0;1;0;1.00E+15;44.55462789;0;7596.077401;1992.797614;0.004131816;
Storage;Other storage;Methanol storage;METHANOL_STORAGE;0.01;0.000397;0;20;1;0;1;0;1.00E+15;66.70522155;0;224.4133984;66.70522155;0;
Synthetic fuels;Synthetic fuels;Methanol to HVC;METHANOL_TO_HVC;697.2;62.748;0;20;1;0;1;0;1.00E+15;844.5313145;0;27045.89276;844.5313145;0;
Electricity;Electricity;Nuclear;NUCLEAR;4845.73;102.930986;707.88;60;0.849;0;1;0;0;264.5556772;707.88;5287.756224;264.5556772;0.000932935;
Synthetic fuels;Synthetic fuels;Oil to HVC;OIL_TO_HVC;395;2.1;0;15;1;0;1;0;1.00E+15;844.5313145;0;27045.89276;844.5313145;0.212727264;
Storage;Electricity storage;Batteries of plug-in hybrid cars;PHEV_BATT;0;0;0;1;1;0;1;0;1.00E+15;80.92360851;0;840.5629833;80.92360851;0;
Storage;Electricity storage;Pumped hydro storage;PHS;58.8;0;8.33;50;1;0;1;5;6.5;1.215648632;8.33;9.325039956;1.215648632;0;
Electricity;Electricity;Photovoltaic;PV;870;9.935466867;2081.43;25;1;0;1;0;59.2;555.3460213;2081.43;4651.192326;555.3460213;0;
Synthetic fuels;Synthetic fuels;Steam methane reforming;SMR;681.24;62.8658412;0;25;0.86;0;1;0;1.00E+15;367.6078095;0;14495.65034;0;0.257628843;
Synthetic fuels;Synthetic fuels;Hydrogen methanation;SYN_METHANATION;262.2;66.99276316;0;40;1;0;1;0;1.00E+15;86.97990787;0;10347.74037;86.97990787;4.69E-05;
Synthetic fuels;Synthetic fuels;Hydrogen methanolation;SYN_METHANOLATION;1679.65;47.66486711;0;20;0.95;0;1;0;1.00E+15;2160.233937;0;83738.21857;2160.233937;0.006153952;
Mobility;Freight;Train (freight);TRAIN_FREIGHT;104.42;2.088311688;0;40;0.34247;0;1;0;1.00E+15;0.001366658;0;0.010592294;164.0279174;0.002276507;
Mobility;Passenger public;Train (passenger);TRAIN_PUB;1506.02;54.35274934;0;40;0.27507;0;0.5;0;1.00E+15;0.000543541;0;0.010425462;52.38861194;0.00011674;
Mobility;Passenger public;Tram or metro;TRAMWAY_TROLLEY;625;12.5;0;30;0.34247;0;0.3;0;1.00E+15;0.001546263;0;0.015519922;26.89510991;0;
Mobility;Freight;Trucks diesel;TRUCK_DIESEL;371.11;18.55555556;0;15;0.09259;0;1;0;1.00E+15;0.010793638;0;0.213702993;1601.004293;0.142539434;
Mobility;Freight;Truck electric;TRUCK_ELEC;771.11;23.13333333;0;15;0.09259;0;1;0;1.00E+15;0.028275129;0;0.27664949;2334.326728;0.00034165;
Mobility;Freight;Truck fuel cell (hydrogen);TRUCK_FUEL_CELL;402.22;12.06666667;0;15;0.09259;0;1;0;1.00E+15;0.018032381;0;0.291263102;2506.149166;0.00034165;
Mobility;Freight;Truck methanol;TRUCK_METHANOL;371.11;18.55555556;0;15;0.09259;0;1;0;1.00E+15;0.011106326;0;0.212757474;1562.326204;0.163802654;
Mobility;Freight;Truck gas;TRUCK_NG;371.11;18.55555556;0;15;0.09259;0;1;0;1.00E+15;0.011106326;0;0.212757474;1587.390895;0.159317523;
Storage;Thermal storage;Decentralised fuel cell cogeneration gas;TS_DEC_ADVCOGEN_GAS;18.97;0.132802697;0;20;1;0;1;0;1.00E+15;5.772320643;0;135.2013417;5.772320643;0;
Storage;Thermal storage;Decentralised fuel cell cogenration H2;TS_DEC_ADVCOGEN_H2;18.97;0.132802697;0;20;1;0;1;0;1.00E+15;5.772320643;0;135.2013417;5.772320643;0;
Storage;Thermal storage;Decentralised boiler gas;TS_DEC_BOILER_GAS;18.97;0.132802697;0;20;1;0;1;0;1.00E+15;5.772320643;0;135.2013417;5.772320643;0;
Storage;Thermal storage;Decentralised boiler oil;TS_DEC_BOILER_OIL;18.97;0.132802697;0;20;1;0;1;0;1.00E+15;5.772320643;0;135.2013417;5.772320643;0;
Storage;Thermal storage;Decentralised boiler wood;TS_DEC_BOILER_WOOD;18.97;0.132802697;0;20;1;0;1;0;1.00E+15;5.772320643;0;135.2013417;5.772320643;0;
Storage;Thermal storage;Decentralised cogeneration gas;TS_DEC_COGEN_GAS;18.97;0.132802697;0;20;1;0;1;0;1.00E+15;5.772320643;0;135.2013417;5.772320643;0;
Storage;Thermal storage;Decentralised cogenration oil;TS_DEC_COGEN_OIL;18.97;0.132802697;0;20;1;0;1;0;1.00E+15;5.772320643;0;135.2013417;5.772320643;0;
Storage;Thermal storage;Decentralised direct elec;TS_DEC_DIRECT_ELEC;18.97;0.132802697;0;20;1;0;1;0;1.00E+15;5.772320643;0;135.2013417;5.772320643;0;
Storage;Thermal storage;Decentralised electrical heat pumps;TS_DEC_HP_ELEC;18.97;0.132802697;0;20;1;0;1;0;1.00E+15;5.772320643;0;135.2013417;5.772320643;0;
Storage;Thermal storage;Decentralised thermal heat pumps gas;TS_DEC_THHP_GAS;18.97;0.132802697;0;20;1;0;1;0;1.00E+15;5.772320643;0;135.2013417;5.772320643;0;
Storage;Thermal storage;Centralised daily;TS_DHN_DAILY;3;0.0086;0;40;1;0;1;0;1.00E+15;5.772320643;0;135.2013417;5.772320643;0;
Storage;Thermal storage;Centralised seasonal;TS_DHN_SEASONAL;0.54;0.002958333;0;25;1;0;1;0;1.00E+15;5.772320643;0;135.2013417;5.772320643;0;
Storage;Thermal storage;Thermal storage industries;TS_HIGH_TEMP;28.03;0.3;0;25;1;0;1;0;1.00E+15;5.772320643;0;135.2013417;5.772320643;0;
Electricity;Electricity;Wind offshore;WIND_OFFSHORE;4974.63;34.611;622.85;30;1;0;1;0;6;591.3163032;622.85;4269.976339;591.3163032;0.000157689;
Electricity;Electricity;Wind onshore;WIND_ONSHORE;1040;12.096;622.85;30;1;0;1;0;10;400.82574;622.85;9050.746178;400.82574;0.000109073;
Synthetic fuels;Synthetic fuels;Wood pyrolysis to gasoline only;ADLIBIO_TO_FUEL;994.5;15.028;881.5721629;25;1;0;1;0;1.00E+15;881.5721629;0;0;881.5721629;0.031084629;
Synthetic fuels;Synthetic fuels;Wood pyrolisis for diesel alone;REDIFUEL;6057;6.28;1100.251804;25;0.85;0;1;0;1.00E+15;1100.251804;0;0;1100.251804;0.935613902;
