{
    "i_rate" : 0.015,
    "re_share_primary" : 0,
    "solar_area" : 250,
	"power_density_pv" : 0.2367,
    "power_density_solar_thermal" : 0.2857,
	"share_mobility_public_min" : 0.199,
	"share_mobility_public_max" : 0.5,
    "share_freight_train_min" : 0.109,
    "share_freight_train_max" : 0.25,
    "share_freight_road_min" : 0,
    "share_freight_road_max" : 1,
    "share_freight_boat_min" : 0.156,
    "share_freight_boat_max" : 0.3,
    "share_heat_dhn_min" : 0.02,
    "share_heat_dhn_max" : 0.37,
    "share_ned" : {"HVC":0.779, "METHANOL":0.029, "AMMONIA":0.192},
    "evs" : {"CAR": ["CAR_PHEV", "CAR_BEV"],"EVs_BATT": ["PHEV_BATT", "BEV_BATT"], "vehicule_capacity": [5.04E+01, 5.04E+01],"batt_per_car": [10.0, 50.0]},
    "state_of_charge_ev" :	{
			"PHEV_BATT" : [0.0,0.0,0.0,0.0,0.0,0.0,0.6,0.0,0.0,0.0,0.0,0.0,0.0,0.0,0.0,0.0,0.0,0.0,0.0,0.0,0.0,0.0,0.0,0.0],
			"BEV_BATT" :  [0.0,0.0,0.0,0.0,0.0,0.0,0.6,0.0,0.0,0.0,0.0,0.0,0.0,0.0,0.0,0.0,0.0,0.0,0.0,0.0,0.0,0.0,0.0,0.0]
	},
    "loss_network" : {"ELECTRICITY": 4.7E-02, "HEAT_LOW_T_DHN": 5.0E-02},
    "c_grid_extra" : 367.8,
    "import_capacity" : 11.894,
    "STORAGE_DAILY" : ["TS_DEC_HP_ELEC","TS_DEC_THHP_GAS","TS_DEC_COGEN_GAS","TS_DEC_COGEN_OIL",
                    "TS_DEC_ADVCOGEN_GAS","TS_DEC_ADVCOGEN_H2","TS_DEC_BOILER_GAS","TS_DEC_BOILER_WOOD","TS_DEC_BOILER_OIL",
                    "TS_DEC_DIRECT_ELEC","TS_DHN_DAILY","BATT_LI","TS_HIGH_TEMP"]
}