source,target,realValue,layerID,layerColor,layerUnit
Imp. Ammonia,Ammonia,4.44,Ammonia,#000ECD,TWh
Ammonia,Non-energy demand,10.20,Ammonia,#000ECD,TWh
H2,Haber-Bosch,6.50,H2,#FF00FF,TWh
Elec,Haber-Bosch,0.71,Electricity,#00BFFF,TWh
Haber-Bosch,DHN,0.77,DHN,#FA8072,TWh
Haber-Bosch,Ammonia,5.75,Ammonia,#000ECD,TWh
Imp. Methanol,Methanol,0.75,Methanol,#CC0066,TWh
Gas,Methane-to-Methanol,6.52,Gas,#FFD700,TWh
Methane-to-Methanol,Methanol,4.26,Methanol,#CC0066,TWh
Methanol,Non-energy demand,1.54,Methanol,#CC0066,TWh
HVC,Non-energy demand,41.38,HVC,#00FFFF,TWh
Imp. Gasoline,Gasoline,6.71,Gasoline,#808080,TWh
Gasoline,Mob priv,-6.71,Gasoline,#808080,TWh
Imp. Gas,Gas,193.86,Gas,#FFD700,TWh
Gas Prod,Gas sto.,0.50,GAS,#FFD700,TWh
Gas sto.,Gas,0.49,GAS,#FFD700,TWh
Gas Prod,Gas,15.95,GAS,#FFD700,TWh
Gas,Mob public,12.79,GAS,#FFD700,TWh
Gas,Freight,3.13,GAS,#FFD700,TWh
Gas,H2 prod,53.12,GAS,#FFD700,TWh
Gas,CHP,114.16,GAS,#FFD700,TWh
Gas,HPs,5.53,GAS,#FFD700,TWh
Gas,Boilers,14.97,GAS,#FFD700,TWh
Electricity,Elec,27.57,Electricity,#00BFFF,TWh
Wind,Elec,38.59,Wind,#27AE34,TWh
Hydro River,Elec,0.46,Hydro River,#0000FF,TWh
Solar,Elec,46.17,Solar,#FFFF00,TWh
Waste,Boilers,13.28,Waste,#808000,TWh
Wet biomass,Biomethanation,38.90,Wood,#CD853F,TWh
Biomethanation,Gas Prod,16.45,GAS,#FFD700,TWh
Biomethanation,Elec,1.56,Electricity,#00BFFF,TWh
Elec,Mob priv,10.00,Electricity,#00BFFF,TWh
Elec,Mob public,1.75,Electricity,#00BFFF,TWh
Elec,Freight,10.94,Electricity,#00BFFF,TWh
Elec,Exp & Loss,7.74,Electricity,#00BFFF,TWh
Elec,Curt.,1.15,Electricity,#00BFFF,TWh
Elec,Elec demand,96.51,Electricity,#00BFFF,TWh
Solar,Curt.,1.79,Solar,#FFFF00,TWh
Wind,Curt.,4.38,Wind,#27AE34,TWh
Elec,Storage,1.03,Electricity,#00BFFF,TWh
Storage,Elec demand,0.77,Electricity,#00BFFF,TWh
Elec,HPs,31.12,Electricity,#00BFFF,TWh
H2 prod,H2 sto.,0.26,H2,#FF00FF,TWh
H2 sto.,H2,0.22,H2,#FF00FF,TWh
H2 prod,H2,38.67,H2,#FF00FF,TWh
CHP,Elec,52.13,Electricity,#00BFFF,TWh
CHP,DHN,12.69,Heat LT,#FA8072,TWh
CHP,Heat HT,37.92,Heat HT,#DC143C,TWh
HPs,Dec. sto,15.93,Heat LT,#FA8072,TWh
HPs,Heat LT Dec,60.73,Heat LT,#FA8072,TWh
HPs,DHN,33.36,Heat LT,#FA8072,TWh
Dec. sto,Heat LT Dec,14.72,Heat LT,#FA8072,TWh
Boilers,Heat HT,24.77,Heat HT,#DC143C,TWh
DHN,Heat LT DHN,34.62,Heat LT,#FA8072,TWh
DHN,Loss DHN,2.34,Heat LT,#FA8072,TWh
DHN,DHN Sto,9.86,Heat LT,#FA8072,TWh
DHN Sto,Heat LT DHN,9.69,Heat LT,#FA8072,TWh
Heat HT,Ind Heat Demand,61.93,Heat HT,#DC143C,TWh
