source,target,realValue,layerID,layerColor,layerUnit
Imp. Ammonia,Ammonia,1.36,Ammonia,#000ECD,TWh
Ammonia,Non-energy demand,10.20,Ammonia,#000ECD,TWh
H2,Haber-Bosch,9.99,H2,#FF00FF,TWh
Elec,Haber-Bosch,1.08,Electricity,#00BFFF,TWh
Haber-Bosch,DHN,1.19,DHN,#FA8072,TWh
Haber-Bosch,Ammonia,8.84,Ammonia,#000ECD,TWh
Imp. Methanol,Methanol,0.31,Methanol,#CC0066,TWh
Gas,Methane-to-Methanol,2.67,Gas,#FFD700,TWh
Methane-to-Methanol,Methanol,1.75,Methanol,#CC0066,TWh
Methanol,Non-energy demand,1.54,Methanol,#CC0066,TWh
Oil,NSC,64.03,Naphtha,#8B008B,TWh
Elec,NSC,0.75,Electricity,#00BFFF,TWh
Heat HT,NSC,0.61,Heat HT,#DC143C,TWh
NSC,HVC,35.22,HVC,#00FFFF,TWh
HVC,Non-energy demand,41.38,HVC,#00FFFF,TWh
Imp. Gasoline,Gasoline,6.71,Gasoline,#808080,TWh
Gasoline,Mob priv,-6.71,Gasoline,#808080,TWh
Imp. Gas,Gas,134.77,Gas,#FFD700,TWh
Gas Prod,Gas sto.,0.00,GAS,#FFD700,TWh
Gas sto.,Gas,0.00,GAS,#FFD700,TWh
Gas Prod,Gas,16.45,GAS,#FFD700,TWh
Gas,Mob public,4.05,GAS,#FFD700,TWh
Gas,Freight,3.13,GAS,#FFD700,TWh
Gas,H2 prod,7.84,GAS,#FFD700,TWh
Gas,CHP,113.39,GAS,#FFD700,TWh
Gas,HPs,1.26,GAS,#FFD700,TWh
Gas,Boilers,18.87,GAS,#FFD700,TWh
Electricity,Elec,27.57,Electricity,#00BFFF,TWh
Wind,Elec,38.63,Wind,#27AE34,TWh
Hydro River,Elec,0.47,Hydro River,#0000FF,TWh
Solar,Elec,49.50,Solar,#FFFF00,TWh
Waste,Boilers,16.95,Waste,#808000,TWh
Imp. Oil,Oil,64.03,Oil,#8B008B,TWh
Wood,H2 prod,18.04,Wood,#CD853F,TWh
Wet biomass,Biomethanation,38.90,Wood,#CD853F,TWh
Biomethanation,Gas Prod,16.45,GAS,#FFD700,TWh
Biomethanation,Elec,1.56,Electricity,#00BFFF,TWh
Elec,Mob priv,10.00,Electricity,#00BFFF,TWh
Elec,Mob public,3.87,Electricity,#00BFFF,TWh
Elec,Freight,10.94,Electricity,#00BFFF,TWh
Elec,Exp & Loss,7.93,Electricity,#00BFFF,TWh
Elec,Curt.,1.71,Electricity,#00BFFF,TWh
Elec,Elec demand,96.50,Electricity,#00BFFF,TWh
Solar,Curt.,1.53,Solar,#FFFF00,TWh
Wind,Curt.,4.33,Wind,#27AE34,TWh
Elec,Storage,1.05,Electricity,#00BFFF,TWh
Storage,Elec demand,0.78,Electricity,#00BFFF,TWh
Elec,HPs,31.83,Electricity,#00BFFF,TWh
Elec,Electrolyser,1.37,Electricity,#00BFFF,TWh
Heat HT,Electrolyser,0.24,Heat HT,#DC143C,TWh
Electrolyser,H2 prod,1.27,Electricity,#00BFFF,TWh
Electrolyser,DHN,0.02,Heat LT,#FA8072,TWh
H2 prod,H2 sto.,0.00,H2,#FF00FF,TWh
H2 sto.,H2,0.00,H2,#FF00FF,TWh
H2 prod,H2,14.82,H2,#FF00FF,TWh
CHP,Elec,52.58,Electricity,#00BFFF,TWh
CHP,DHN,17.91,Heat LT,#FA8072,TWh
CHP,Heat HT,31.56,Heat HT,#DC143C,TWh
HPs,Dec. sto,16.02,Heat LT,#FA8072,TWh
HPs,Heat LT Dec,60.60,Heat LT,#FA8072,TWh
HPs,DHN,27.68,Heat LT,#FA8072,TWh
Dec. sto,Heat LT Dec,14.85,Heat LT,#FA8072,TWh
Boilers,Heat HT,31.39,Heat HT,#DC143C,TWh
DHN,Heat LT DHN,36.09,Heat LT,#FA8072,TWh
DHN,Loss DHN,2.34,Heat LT,#FA8072,TWh
DHN,DHN Sto,8.37,Heat LT,#FA8072,TWh
DHN Sto,Heat LT DHN,8.22,Heat LT,#FA8072,TWh
Heat HT,Ind Heat Demand,61.93,Heat HT,#DC143C,TWh
