source,target,realValue,layerID,layerColor,layerUnit
Ammonia,Non-energy demand,10.20,Ammonia,#000ECD,TWh
H2,Haber-Bosch,11.52,H2,#FF00FF,TWh
Elec,Haber-Bosch,1.25,Electricity,#00BFFF,TWh
Haber-Bosch,DHN,1.37,DHN,#FA8072,TWh
Haber-Bosch,Ammonia,10.19,Ammonia,#000ECD,TWh
Imp. Methanol,Methanol,0.22,Methanol,#CC0066,TWh
Gas,Methane-to-Methanol,69.41,Gas,#FFD700,TWh
Methane-to-Methanol,Methanol,45.40,Methanol,#CC0066,TWh
Methanol,Non-energy demand,1.54,Methanol,#CC0066,TWh
Oil,NSC,11.25,Naphtha,#8B008B,TWh
Elec,NSC,0.13,Electricity,#00BFFF,TWh
Heat HT,NSC,0.11,Heat HT,#DC143C,TWh
NSC,HVC,6.19,HVC,#00FFFF,TWh
Methanol,MTO,43.67,Methanol,#CC0066,TWh
Heat HT,MTO,11.61,Heat HT,#DC143C,TWh
MTO,HVC,35.19,HVC,#00FFFF,TWh
HVC,Non-energy demand,41.38,HVC,#00FFFF,TWh
Imp. Gas,Gas,216.42,Gas,#FFD700,TWh
Gas Prod,Gas sto.,0.00,GAS,#FFD700,TWh
Gas sto.,Gas,0.00,GAS,#FFD700,TWh
Gas Prod,Gas,16.45,GAS,#FFD700,TWh
Gas,Mob public,12.21,GAS,#FFD700,TWh
Gas,Freight,3.13,GAS,#FFD700,TWh
Gas,H2 prod,10.83,GAS,#FFD700,TWh
Gas,CHP,118.36,GAS,#FFD700,TWh
Gas,HPs,5.37,GAS,#FFD700,TWh
Gas,Boilers,13.57,GAS,#FFD700,TWh
Electricity,Elec,27.57,Electricity,#00BFFF,TWh
Wind,Elec,38.65,Wind,#27AE34,TWh
Hydro River,Elec,0.48,Hydro River,#0000FF,TWh
Solar,Elec,47.36,Solar,#FFFF00,TWh
Waste,Boilers,14.26,Waste,#808000,TWh
Imp. Oil,Oil,9.15,Oil,#8B008B,TWh
Wood,H2 prod,14.98,Wood,#CD853F,TWh
Wet biomass,Biomethanation,38.90,Wood,#CD853F,TWh
Biomethanation,Gas Prod,16.45,GAS,#FFD700,TWh
Biomethanation,Elec,1.56,Electricity,#00BFFF,TWh
Elec,Mob priv,10.00,Electricity,#00BFFF,TWh
Elec,Mob public,1.89,Electricity,#00BFFF,TWh
Elec,Freight,10.94,Electricity,#00BFFF,TWh
Elec,Exp & Loss,7.85,Electricity,#00BFFF,TWh
Elec,Curt.,1.67,Electricity,#00BFFF,TWh
Elec,Elec demand,96.51,Electricity,#00BFFF,TWh
Solar,Curt.,1.24,Solar,#FFFF00,TWh
Wind,Curt.,4.32,Wind,#27AE34,TWh
Elec,Storage,1.03,Electricity,#00BFFF,TWh
Storage,Elec demand,0.77,Electricity,#00BFFF,TWh
Elec,HPs,33.16,Electricity,#00BFFF,TWh
Elec,HT sto,1.98,Electricity,#00BFFF,TWh
HT sto,Heat HT,1.97,Heat HT,#DC143C,TWh
Elec,Heat HT,-1.84,Electricity,#00BFFF,TWh
Elec,Electrolyser,0.97,Electricity,#00BFFF,TWh
Heat HT,Electrolyser,0.17,Heat HT,#DC143C,TWh
Electrolyser,H2 prod,0.90,Electricity,#00BFFF,TWh
Electrolyser,DHN,0.02,Heat LT,#FA8072,TWh
H2 prod,H2,15.31,H2,#FF00FF,TWh
CHP,Elec,52.72,Electricity,#00BFFF,TWh
CHP,DHN,4.26,Heat LT,#FA8072,TWh
CHP,Heat HT,49.54,Heat HT,#DC143C,TWh
HPs,Dec. sto,15.88,Heat LT,#FA8072,TWh
HPs,Heat LT Dec,60.71,Heat LT,#FA8072,TWh
HPs,DHN,41.25,Heat LT,#FA8072,TWh
Dec. sto,Heat LT Dec,14.74,Heat LT,#FA8072,TWh
Boilers,Heat HT,24.27,Heat HT,#DC143C,TWh
DHN,Heat LT DHN,32.03,Heat LT,#FA8072,TWh
DHN,Loss DHN,2.34,Heat LT,#FA8072,TWh
DHN,DHN Sto,12.52,Heat LT,#FA8072,TWh
DHN Sto,Heat LT DHN,12.28,Heat LT,#FA8072,TWh
Heat HT,Ind Heat Demand,61.93,Heat HT,#DC143C,TWh
