source,target,realValue,layerID,layerColor,layerUnit
Ammonia,Non-energy demand,10.20,Ammonia,#000ECD,TWh
H2,Haber-Bosch,11.52,H2,#FF00FF,TWh
Elec,Haber-Bosch,1.25,Electricity,#00BFFF,TWh
Haber-Bosch,DHN,1.37,DHN,#FA8072,TWh
Haber-Bosch,Ammonia,10.20,Ammonia,#000ECD,TWh
Imp. Methanol,Methanol,1.89,Methanol,#CC0066,TWh
Gas,Methane-to-Methanol,76.41,Gas,#FFD700,TWh
Methane-to-Methanol,Methanol,49.97,Methanol,#CC0066,TWh
Methanol,Non-energy demand,1.54,Methanol,#CC0066,TWh
Oil,NSC,2.10,Naphtha,#8B008B,TWh
Elec,NSC,0.02,Electricity,#00BFFF,TWh
Heat HT,NSC,0.02,Heat HT,#DC143C,TWh
NSC,HVC,1.16,HVC,#00FFFF,TWh
Methanol,MTO,49.92,Methanol,#CC0066,TWh
Heat HT,MTO,13.27,Heat HT,#DC143C,TWh
MTO,HVC,40.22,HVC,#00FFFF,TWh
HVC,Non-energy demand,41.38,HVC,#00FFFF,TWh
Imp. Gas,Gas,225.51,Gas,#FFD700,TWh
Gas Prod,Gas sto.,0.00,GAS,#FFD700,TWh
Gas sto.,Gas,0.00,GAS,#FFD700,TWh
Gas Prod,Gas,16.45,GAS,#FFD700,TWh
Gas,Mob public,14.17,GAS,#FFD700,TWh
Gas,Freight,3.13,GAS,#FFD700,TWh
Gas,H2 prod,10.79,GAS,#FFD700,TWh
Gas,CHP,117.57,GAS,#FFD700,TWh
Gas,HPs,4.04,GAS,#FFD700,TWh
Gas,Boilers,15.84,GAS,#FFD700,TWh
Electricity,Elec,27.57,Electricity,#00BFFF,TWh
Wind,Elec,38.64,Wind,#27AE34,TWh
Hydro River,Elec,0.47,Hydro River,#0000FF,TWh
Solar,Elec,47.65,Solar,#FFFF00,TWh
Waste,Boilers,14.99,Waste,#808000,TWh
Wood,H2 prod,14.98,Wood,#CD853F,TWh
Wet biomass,Biomethanation,38.90,Wood,#CD853F,TWh
Biomethanation,Gas Prod,16.45,GAS,#FFD700,TWh
Biomethanation,Elec,1.56,Electricity,#00BFFF,TWh
Elec,Mob priv,10.00,Electricity,#00BFFF,TWh
Elec,Mob public,1.42,Electricity,#00BFFF,TWh
Elec,Freight,10.94,Electricity,#00BFFF,TWh
Elec,Exp & Loss,7.85,Electricity,#00BFFF,TWh
Elec,Curt.,1.70,Electricity,#00BFFF,TWh
Elec,Elec demand,96.51,Electricity,#00BFFF,TWh
Solar,Curt.,1.26,Solar,#FFFF00,TWh
Wind,Curt.,4.33,Wind,#27AE34,TWh
Elec,Storage,1.03,Electricity,#00BFFF,TWh
Storage,Elec demand,0.77,Electricity,#00BFFF,TWh
Elec,HPs,33.65,Electricity,#00BFFF,TWh
Elec,HT sto,2.44,Electricity,#00BFFF,TWh
HT sto,Heat HT,2.42,Heat HT,#DC143C,TWh
Elec,Heat HT,-2.30,Electricity,#00BFFF,TWh
Elec,Electrolyser,1.00,Electricity,#00BFFF,TWh
Heat HT,Electrolyser,0.18,Heat HT,#DC143C,TWh
Electrolyser,H2 prod,0.93,Electricity,#00BFFF,TWh
Electrolyser,DHN,0.02,Heat LT,#FA8072,TWh
H2 prod,H2,15.32,H2,#FF00FF,TWh
CHP,Elec,52.47,Electricity,#00BFFF,TWh
CHP,DHN,4.93,Heat LT,#FA8072,TWh
CHP,Heat HT,48.41,Heat HT,#DC143C,TWh
HPs,Dec. sto,15.77,Heat LT,#FA8072,TWh
HPs,Heat LT Dec,60.82,Heat LT,#FA8072,TWh
HPs,DHN,40.57,Heat LT,#FA8072,TWh
Dec. sto,Heat LT Dec,14.63,Heat LT,#FA8072,TWh
Boilers,Heat HT,26.98,Heat HT,#DC143C,TWh
DHN,Heat LT DHN,32.22,Heat LT,#FA8072,TWh
DHN,Loss DHN,2.34,Heat LT,#FA8072,TWh
DHN,DHN Sto,12.32,Heat LT,#FA8072,TWh
DHN Sto,Heat LT DHN,12.09,Heat LT,#FA8072,TWh
Heat HT,Ind Heat Demand,61.93,Heat HT,#DC143C,TWh
